<!-- This is a generated file. It is highly recommended that you DO NOT edit this file. --><iq:manifest xmlns:iq="http://www.garmin.com/xml/connectiq" version="3">
    <iq:application entry="MapviewerApp" id="e7540e797b22417a8ddee9ddea076a1f" launcherIcon="@Drawables.LauncherIcon" minSdkVersion="3.0.0" name="@Strings.AppName" type="watch-app" version="0.0.0">
        <iq:products>
            <iq:product id="fr935"/>
            <iq:product id="instinct2"/>
            <iq:product id="instinct2s"/>
            <iq:product id="vivoactive3"/>
        </iq:products>
        <iq:permissions>
            <iq:uses-permission id="PersistedContent"/>
            <iq:uses-permission id="Positioning"/>
            <iq:uses-permission id="Sensor"/>
        </iq:permissions>
        <iq:languages/>
        <iq:barrels/>
    </iq:application>
</iq:manifest>
