<strings>
    <string id="AppName">PixelMap</string>     
    <string id="HomeTitle">Home</string>

<string id="MainMenuTitle">Routes</string>

<string id="MenuLabel1">Save new</string>

<string id="MenuLabel2">Route 1 </string>

<string id="MenuLabel3">Route 2</string>

<string id="MenuLabel4">Route 3 </string>

<string id="MenuLabel5">Stop Route</string>

<string id="AuxMenuTitle">Save slots</string>

<string id="AuxMenuLabel1">Exit</string>

<string id="AuxMenuLabel2">Save 1</string>

<string id="AuxMenuLabel3">Save 2</string>

<string id="AuxMenuLabel4">Save 3</string>

  
</strings>


