<drawables>
    <bitmap id="LauncherIcon" filename="i.png"/>
    
    <bitmap filename="NorthernEurope.png" id="bear" compress="true"/>

<bitmap filename="WesternCentralEurope.png" id="dog" compress="true"/>

<bitmap filename="SouthernEurope.png" id="fox" compress="true"/>

<bitmap filename="Euarsia.png" id="mouse" compress="true"/>

<bitmap filename="EasternEurope.png" id="turtle" compress="true"/>

<bitmap filename="Russia.png" id="horse" compress="true"/>

<drawable-list id="MenuForeground" background="Gfx.COLOR_TRANSPARENT"/>

    
</drawables>